Temperatur,Eis,Eis_Vorhersage,Fehler,Eis_Vorhersage_ML,Fehler_ML
0,	5,	1,	5.5,	20.25,	0.607846,	0.153785
1,	7,	6,	7.3,	1.69,	3.907632,	4.378004
2,	10,	7,	10.0,	9.00,	8.857311,	3.449602
3,	12,	9,	11.8,	7.84,	12.157096,	9.967257
4,	18,	12,	17.2,	27.04,	22.056454,	101.132257
5,	25,	30,	23.5,	42.25,	33.605704,	13.001099
6,	35,	59,	32.5,	702.25,	50.104632,	79.127566