Temperatur,Eis,Eis_Vorhersage,Fehler,Eis_Vorhersage_ML,Fehler_ML
5,1,3.0,4.0,5.637015975221025,21.50191715445499
7,6,5.799999999999999,0.040000000000000424,8.353116722651183,5.537158310420646
10,7,10.0,9.0,12.427267843796418,29.455236248306623
12,9,12.799999999999997,14.439999999999978,15.143368591226576,37.740977647669204
18,12,21.2,84.63999999999999,23.29167083351705,127.50183021249961
25,30,31.0,1.0,32.7980234495226,7.828935224078366
35,59,45.0,196.0,46.37852718667339,159.3015759775428
